Source,Target,Weight
NED,ROBERT,209
DAENERYS,JORAH,543
JON,SAM,349
LITTLEFINGER,NED,118
NED,VARYS,102
DAENERYS,DROGO,113
ARYA,NED,110
CATELYN,ROBB,232
BRONN,TYRION,349
CERSEI,NED,100
CERSEI,ROBERT,96
LITTLEFINGER,VARYS,98
SHAE,TYRION,324
CATELYN,NED,86
JOFFREY,SANSA,185
NED,PYCELLE,68
DAENERYS,VISERYS,71
SANSA,SEPTA_MORDANE,64
TYRION,TYWIN,301
JEOR,JON,111
ROBB,THEON,89
CERSEI,JOFFREY,217
ARYA,SANSA,228
BRAN,MAESTER_LUWIN,84
JAIME,NED,62
NED,SANSA,93
BRAN,ROBB,59
LORAS,RENLY,73
CERSEI,JAIME,478
DAENERYS,MIRRI_MAZ_DUUR,45
JON,TYRION,152
ARYA,SYRIO_FOREL,48
JORY_CASSEL,NED,44
JORAH,VISERYS,43
JON,PYP,54
CATELYN,TYRION,54
ROS,THEON,40
JOFFREY,NED,56
CERSEI,SANSA,141
GRENN,PYP,44
CATELYN,WALDER,53
DAENERYS,DOREAH,54
JAIME,TYRION,236
JAIME,TYWIN,146
BENJEN,JON,40
DAENERYS,IRRI,47
GREATJON_UMBER,ROBB,31
MORD,TYRION,31
CATELYN,LYSA,41
DOREAH,VISERYS,30
JORAH,RAKHARO,30
LYSA,ROBIN_ARRYN,30
LYSA,TYRION,37
NED,RENLY,30
PYP,SAM,69
RENLY,ROBERT,35
BRAN,NED,61
BRAN,OSHA,153
JON,NED,72
BRAN,CATELYN,44
CATELYN,JAIME,70
CATELYN,RODRIK_CASSEL,28
DAENERYS,QOTHO,28
JOFFREY,ROBERT,37
JON,MAESTER_AEMON,55
DROGO,VISERYS,27
JAIME,JORY_CASSEL,27
BRAN,THEON,80
CATELYN,LITTLEFINGER,64
CATELYN,MAESTER_LUWIN,26
BARRISTAN,NED,25
ILLYRIO,VISERYS,25
JON,ROBB,35
OSHA,THEON,61
ARYA,JOFFREY,47
GRENN,JON,82
NED,ROBB,45
BARRISTAN,ROBERT,27
CATELYN,CERSEI,26
LITTLEFINGER,SANSA,416
SHAGGA,TYRION,22
TYRION,YOREN,22
ALLISER_THORNE,JON,133
ARYA,JON,29
DROGO,JORAH,22
JAIME,ROBERT,23
BRAN,JON,52
DAENERYS,WINE_MERCHANT,19
HOUND,SANSA,59
LITTLEFINGER,PYCELLE,27
LITTLEFINGER,ROS,35
THEON,TYRION,44
ALLISER_THORNE,SAM,41
ARYA,YOREN,38
CERSEI,TYRION,416
BENJEN,TYRION,17
DAENERYS,RAKHARO,29
JEOR,SAM,43
LITTLEFINGER,RENLY,39
MAESTER_LUWIN,ROBB,17
ROBERT,SANSA,19
ROS,TYRION,20
CATELYN,THEON,16
GRENN,SAM,75
HOUND,JOFFREY,73
ROBB,TYRION,21
BRAN,TYRION,17
CATELYN,ROBERT,15
JEOR,TYRION,19
JOFFREY,TYRION,195
JOFFREY,VARYS,28
LANCEL,ROBERT,15
MIRRI_MAZ_DUUR,QOTHO,15
NED,YOREN,15
PYCELLE,VARYS,37
BENJEN,NED,24
BRAN,RICKON,82
CATELYN,JON,16
CATELYN,SANSA,39
JOFFREY,MARILLION,14
KEVAN,TYRION,14
LITTLEFINGER,ROBERT,14
BARRISTAN,CERSEI,15
CERSEI,VARYS,53
DAENERYS,RHAEGO,17
JANOS_SLYNT,NED,13
JOFFREY,PYCELLE,26
MAESTER_LUWIN,THEON,61
NED,THEON,20
PYCELLE,SANSA,18
GENDRY,NED,14
HOT_PIE,LOMMY_GREENHANDS,12
JOFFREY,LITTLEFINGER,26
JOFFREY,MERYN_TRANT,16
JOFFREY,ROBB,31
JON_ARRYN,NED,15
KEVAN,TYWIN,23
MAESTER_LUWIN,OSHA,26
ARYA,SEPTA_MORDANE,11
BRAN,HODOR,160
BRONN,SHAE,18
CATELYN,GREATJON_UMBER,11
CATELYN,VARYS,11
GREATJON_UMBER,THEON,11
IRRI,RAKHARO,11
MERYN_TRANT,SYRIO_FOREL,11
NED,TYRION,30
NED,TYWIN,13
PYCELLE,ROBERT,14
RENLY,STANNIS,54
ROBB,RODRIK_CASSEL,11
ROBERT,VARYS,16
ALLISER_THORNE,PYP,18
ARYA,ROBERT,15
CATELYN,ROBIN_ARRYN,10
CATELYN,VARDIS_EGEN,10
DAENERYS,ILLYRIO,10
DROGO,MAGO,10
HOUND,NED,14
HOUND,TYRION,48
JAIME,JON,18
JAIME,ROBB,46
JEOR,PYP,10
JOFFREY,MYCAH,10
JORAH,WINE_MERCHANT,10
MERYN_TRANT,SANSA,10
NED,RODRIK_CASSEL,10
NED,STANNIS,21
NED,TOBHO_MOTT,10
PYP,RAST,10
ALLISER_THORNE,JEOR,9
ARYA,CERSEI,29
BRAN,JAIME,9
BRAN,OLD_NAN,11
CERSEI,PYCELLE,95
DROGO,MIRRI_MAZ_DUUR,9
ILLYRIO,VARYS,9
IRRI,JORAH,11
JEOR,MAESTER_AEMON,9
MHAEGEN,NED,9
NED,SEPTA_MORDANE,9
PYCELLE,ROS,9
RENLY,VARYS,9
ROBB,SANSA,28
ROBIN_ARRYN,TYRION,9
RODRIK_CASSEL,TYRION,9
AERYS,NED,12
BAELOR,NED,8
CERSEI,LITTLEFINGER,103
CERSEI,ROBB,14
DAENERYS,MAGO,8
DAREON,PYP,8
HOUND,MERYN_TRANT,10
JORAH,MIRRI_MAZ_DUUR,8
OSHA,ROBB,10
PYCELLE,RENLY,8
ROBERT,TYWIN,15
RODRIK_CASSEL,THEON,8
SANSA,VARYS,17
SER_VARDIS,TYRION,8
AERYS,ROBERT,16
ALLISER_THORNE,GRENN,20
ARYA,CATELYN,22
ARYA,GENDRY,130
ARYA,HOUND,251
ARYA,JORY_CASSEL,7
ARYA,STABLE_BOY,7
ARYA,VARYS,7
BRAN,ROBERT,7
BRONN,CATELYN,7
GREATJON_UMBER,RODRIK_CASSEL,7
HUGH_OF_THE_VALE,JORY_CASSEL,7
JON,RAST,7
JON,THEON,44
JON_ARRYN,ROBERT,9
JORY_CASSEL,LITTLEFINGER,7
MAESTER_AEMON,TYRION,7
MAESTER_LUWIN,TYRION,7
ROBERT,TYRION,10
ROBERT,VISERYS,7
ARYA,ROBB,18
BARRISTAN,VARYS,8
BRONN,RODRIK_CASSEL,6
DROGO,ILLYRIO,6
DROGO,QOTHO,6
DROGO,RHAEGO,9
GRENN,RAST,23
GRENN,TYRION,6
HOUND,ROBERT,6
HUGH_OF_THE_VALE,NED,6
JAIME,JOFFREY,47
JEOR,OTHELL_YARWYCK,6
JEOR,OTHOR,6
LITTLEFINGER,MOUNTAIN,6
LITTLEFINGER,TYRION,70
LYSA,SER_VARDIS,6
MAESTER_AEMON,PYP,8
MAESTER_AEMON,SAM,61
NED,SYRIO_FOREL,6
NED,TOMARD,6
OTHELL_YARWYCK,SAM,6
PYP,TYRION,6
RAST,SAM,19
SHAGGA,TYWIN,6
ARYA,BAELOR,5
ARYA,BRAN,29
ARYA,HOT_PIE,99
ARYA,LITTLEFINGER,37
ARYA,MERYN_TRANT,16
ARYA,MYCAH,7
BARRISTAN,JOFFREY,7
BENJEN,ROBB,5
BENJEN,YOREN,5
BRAN,RODRIK_CASSEL,5
BRONN,LYSA,5
BRONN,SHAGGA,5
BRONN,TYWIN,12
CATELYN,MORD,5
DAENERYS,ROBERT,11
DOREAH,IRRI,9
DROGO,RAKHARO,5
GARED,ROYCE,5
GENDRY,TOBHO_MOTT,5
HOUND,LITTLEFINGER,5
HOUND,MOUNTAIN,12
JAIME,KEVAN,17
JAIME,LITTLEFINGER,9
JANOS_SLYNT,VARYS,5
JOFFREY,SEPTA_MORDANE,5
JON,OTHELL_YARWYCK,8
JON,OTHOR,5
JON_ARRYN,LITTLEFINGER,9
JON_ARRYN,LYSA,13
JONOS_BRACKEN,ROBB,5
JORAH,QOTHO,5
LYSA,MORD,5
MAESTER_LUWIN,NED,5
MARILLION,RODRIK_CASSEL,5
MARILLION,TYRION,5
MASHA_HEDDLE,TYRION,5
MOUNTAIN,NED,5
RENLY,SANSA,7
ROBB,ROBERT,7
ROBB,TYWIN,22
ROBB,WALDER,35
ROBERT,STANNIS,18
AERYS,RICKARD_STARK,4
ALLISER_THORNE,RAST,4
ARYA,ILYN_PAYNE,6
BAELOR,YOREN,4
BARRISTAN,JAIME,4
BARRISTAN,LITTLEFINGER,4
BARRISTAN,PYCELLE,4
BRAN,CERSEI,4
CATELYN,JON_ARRYN,6
CATELYN,MARILLION,4
CATELYN,TYWIN,6
CERSEI,HOUND,16
DAENERYS,VARYS,88
DAREON,JON,4
DAREON,SAM,6
GARED,WILL,4
GRENN,JEOR,11
HOUND,LORAS,4
HUGH_OF_THE_VALE,LITTLEFINGER,4
ILYN_PAYNE,JOFFREY,6
ILYN_PAYNE,NED,6
ILYN_PAYNE,SANSA,8
ILYN_PAYNE,YOREN,4
JAIME,ROS,4
JAIME,THEON,6
JORY_CASSEL,ROBERT,4
LANCEL,NED,4
LITTLEFINGER,SEPTA_MORDANE,4
LITTLEFINGER,TYWIN,38
LORAS,MOUNTAIN,4
LORAS,NED,4
LORAS,SANSA,37
LYANNA,NED,37
MIRRI_MAZ_DUUR,RAKHARO,4
MOUNTAIN,ROBERT,4
MOUNTAIN,SANSA,4
MYCAH,SANSA,4
NED,RICKARD_STARK,9
OLD_NAN,ROBB,4
ROYCE,WILL,4
RYGER_RIVERS,WALDER,4
SANSA,YOREN,4
SHAE,TYWIN,29
STEVRON_FREY,WALDER,4
WAYMAR_ROYCE,WILL,4
ADDAM_MARBRAND,KEVAN,3
ADDAM_MARBRAND,LEO_LEFFORD,3
AERYS,JAIME,13
AERYS,RHAEGAR,3
ALLISER_THORNE,OTHELL_YARWYCK,9
ARYA,JAIME,5
ARYA,PYCELLE,3
ASSASSIN,CATELYN,3
BAELOR,ILYN_PAYNE,3
BALON,THEON,84
BARRISTAN,LANCEL,3
BARRISTAN,RENLY,3
BERIC,NED,8
BRAN,WILL,3
BRANDON_STARK,NED,3
BRONN,MORD,3
BRONN,ROBIN_ARRYN,3
BRONN,SER_VARDIS,3
CATELYN,HOSTER,13
CATELYN,JOFFREY,8
CATELYN,MASHA_HEDDLE,3
CATELYN,SER_VARDIS,3
CATELYN,YOREN,3
CERSEI,ILYN_PAYNE,8
CERSEI,JON,27
CERSEI,JON_ARRYN,3
CERSEI,LANCEL,60
CERSEI,RENLY,3
CERSEI,TYWIN,211
COHOLLO,DROGO,3
DAENERYS,NED,6
DOREAH,DROGO,3
DOREAH,WINE_MERCHANT,3
GENDRY,HOT_PIE,40
GREATJON_UMBER,JAIME,3
GREATJON_UMBER,TYWIN,3
HODOR,ROBB,3
HODOR,THEON,8
HODOR,TYRION,3
HOSTER,WALDER,6
HOUND,ILYN_PAYNE,5
IRRI,JHIQUI,3
IRRI,VISERYS,3
JANOS_SLYNT,RENLY,3
JEOR,NED,3
JEOR,ROBERT,3
JOFFREY,RENLY,13
JOFFREY,TYWIN,98
JOFFREY,YOREN,3
JON,ROBERT,3
JON,WILL,3
JON_ARRYN,PYCELLE,5
JON_ARRYN,ROBIN_ARRYN,3
JORAH,RHAEGO,3
LITTLEFINGER,STANNIS,16
LORAS,ROBERT,3
LYANNA,ROBERT,3
MERYN_TRANT,NED,3
MORD,ROBIN_ARRYN,3
MORD,SER_VARDIS,3
MYCAH,NED,3
MYRCELLA,TYRION,16
NED,PYP,3
NED,WILL,3
OSHA,RICKON,34
QOTHO,RAKHARO,3
RAKHARO,VISERYS,3
RAKHARO,WINE_MERCHANT,3
RAST,TYRION,3
RENLY,ROBB,11
RICKON,ROBB,5
ROBIN_ARRYN,SER_VARDIS,3
THEON,WALDER,3
VARYS,YOREN,3
ADDAM_MARBRAND,TYWIN,2
AEGON,AERYS,2
AEGON,MAESTER_AEMON,5
AERYS,BARRISTAN,7
AERYS,CATELYN,2
AERYS,JORAH,2
AERYS,MAESTER_AEMON,2
AERYS,RENLY,2
AERYS,SANSA,4
AERYS,SEPTA_MORDANE,2
ALLISER_THORNE,MAESTER_AEMON,17
ARYA,ILLYRIO,2
ARYA,LOMMY_GREENHANDS,2
ARYA,TYRION,7
ASSASSIN,BRAN,2
ASSASSIN,ROBB,2
BAELOR,CERSEI,2
BAELOR,HOUND,2
BAELOR,JOFFREY,4
BAELOR,PYCELLE,2
BAELOR,SANSA,2
BALON,TYRION,2
BENJEN,CATELYN,2
BENJEN,CERSEI,2
BENJEN,JEOR,2
BENJEN,ROBERT,2
BERIC,ROBERT,2
BORCAS,DAREON,2
BORCAS,PYP,2
BOWEN_MARSH,DAREON,2
BOWEN_MARSH,PYP,2
BRAN,BRANDON_STARK,2
BRAN,HOUND,2
BRANDON_STARK,CATELYN,5
BRANDON_STARK,JON,2
BRANDON_STARK,RICKARD_STARK,2
BRONN,KEVAN,2
BRONN,MARILLION,2
CATELYN,DAENERYS,2
CATELYN,HOUND,4
CATELYN,STEVRON_FREY,2
CERSEI,JEOR,2
CERSEI,LYANNA,2
CERSEI,MERYN_TRANT,12
CERSEI,ROS,2
CERSEI,STANNIS,9
CERSEI,YOREN,2
DAENERYS,JHIQUI,2
DAENERYS,SANSA,2
DAREON,GRENN,2
DAREON,JEOR,2
DAREON,LUKE,2
DAREON,MAESTER_AEMON,2
DAREON,RAST,2
DOREAH,IROGENIA,2
DOREAH,JHIQUI,2
DOREAH,JORAH,9
DROGO,IRRI,2
DROGO,ROBERT,2
GALBART_GLOVER,GREATJON_UMBER,2
GALBART_GLOVER,JONOS_BRACKEN,2
GALBART_GLOVER,ROBB,2
GENDRY,VARYS,2
GENDRY,YOREN,9
GREATJON_UMBER,NED,2
GREATJON_UMBER,RENLY,2
GREATJON_UMBER,RICKARD_KARSTARK,2
GREATJON_UMBER,STANNIS,2
GREATJON_UMBER,WALDER,2
HIGH_SEPTON,NED,2
HODOR,OSHA,38
HOUND,JAIME,5
HOUND,ROBB,4
HOUND,YOREN,2
HUGH_OF_THE_VALE,JON_ARRYN,2
HUGH_OF_THE_VALE,MOUNTAIN,2
HUGH_OF_THE_VALE,SANSA,2
ILLYRIO,JORAH,2
ILYN_PAYNE,MERYN_TRANT,4
ILYN_PAYNE,VARYS,2
JAIME,JON_ARRYN,2
JAIME,RICKARD_STARK,2
JAIME,SANSA,16
JAIME,TYSHA,2
JANOS_SLYNT,LITTLEFINGER,2
JANOS_SLYNT,PYCELLE,2
JAREMY_RYKKER,JEOR,2
JAREMY_RYKKER,OTHELL_YARWYCK,2
JAREMY_RYKKER,PYP,2
JEOR,JOFFREY,2
JOANNA,TYRION,2
JOFFREY,JON,2
JOFFREY,TOMMEN,26
JOFFREY,WILL,2
JON,RODRIK_CASSEL,2
JON,ROS,2
JON_ARRYN,VARYS,2
JORAH,LITTLE_BIRD,2
JORAH,NED,2
JORAH,VARYS,16
JORY_CASSEL,MHAEGEN,2
JORY_CASSEL,THEON,2
JOYEUSE,WALDER,6
KEVAN,LEO_LEFFORD,2
KEVAN,SHAGGA,2
LANCEL,RENLY,2
LEO_LEFFORD,TYRION,2
LITTLEFINGER,LORAS,19
LITTLEFINGER,MHAEGEN,2
LITTLEFINGER,YOREN,2
LORAS,MACE,8
LUKE,PYP,2
MAESTER_LUWIN,ROBERT,2
MAESTER_LUWIN,RODRIK_CASSEL,2
MAESTER_LUWIN,SANSA,2
MARILLION,MERYN_TRANT,2
MARILLION,YOREN,2
MELESSA,SAM,25
MORD,RODRIK_CASSEL,2
NED,ROOSE_BOLTON,2
NED,ROS,2
NED,STEFFON,2
NED,VARLY,2
OLD_NAN,THEON,2
OTHELL_YARWYCK,PYP,2
OTHOR,PYP,2
OTHOR,SAM,2
PYCELLE,TYWIN,28
PYCELLE,YOREN,2
RANDYLL,SAM,27
RENLY,TOMARD,2
RHAEGAR,ROBERT,6
RHAEGO,VISERYS,2
RICKARD_KARSTARK,ROBB,52
RICKARD_KARSTARK,THEON,4
ROBB,STANNIS,11
ROBB,VARYS,4
ROBERT,ROS,2
ROBERT,TOMMEN,4
RODRIK_CASSEL,TYWIN,2
SANSA,STANNIS,8
STANNIS,TOMARD,2
THEON,WILL,2
TYRION,TYSHA,2
TYRION,VARYS,397
ARYA,JAQEN,346
DAVOS,STANNIS,316
JON,YGRITTE,286
ROBB,TALISA,197
ARYA,TYWIN,103
THEON,YARA,210
DAENERYS,XARO,80
JON,QHORIN,73
SANSA,SHAE,122
DAENERYS,SPICE_KING,58
DAVOS,MATTHOS,59
MELISANDRE,STANNIS,171
BRIENNE,CATELYN,71
BRIENNE,JAIME,276
PYCELLE,TYRION,64
DAGMER,THEON,48
ALTON,JAIME,46
DAVOS,MELISANDRE,173
JANOS,TYRION,39
LORAS,TYRION,51
LANCEL,TYRION,37
PODRICK,TYRION,168
MARGAERY,RENLY,39
EDDISON_TOLLETT,SAM,42
ROBB,ROOSE_BOLTON,51
BRIENNE,RENLY,39
DAENERYS,KOVARRO,31
CATELYN,RENLY,30
CRASTER,JEOR,46
LITTLEFINGER,MARGAERY,28
QHORIN,YGRITTE,28
DAVOS,SALLADHOR,69
EDDISON_TOLLETT,GRENN,39
CERSEI,TOMMEN,160
SANSA,TYRION,163
GILLY,SAM,381
DAENERYS,PYATT_PREE,23
LORAS,MARGAERY,115
RODRIK,THEON,23
ALTON,ROBB,22
ROS,VARYS,47
BLACK_LORREN,THEON,21
CERSEI,SHAE,28
MATTHOS,STANNIS,21
SPICE_KING,XARO,20
STANNIS,TYRION,20
BRAN,RODRIK,20
JORAH,QUAITHE,18
CAPTAINS_DAUGHTER,THEON,17
CATELYN,RICKARD_KARSTARK,22
CRASTER,JON,28
DAISY,ROS,17
AMORY,ARYA,16
ARYA,RORGE,20
CRESSEN,DAVOS,16
HODOR,RICKON,25
RATTLESHIRT,YGRITTE,16
BALON,YARA,49
JORAH,KOVARRO,15
AMORY,TYWIN,14
MATTHOS,SALLADHOR,14
BRONN,HOUND,16
CATELYN,STANNIS,13
DONTOS,JOFFREY,19
DOREAH,XARO,13
HAYLENE,TYRION,13
JEOR,QHORIN,13
JOFFREY,MERYN,15
MERYN,TYRION,19
CERSEI,MYRCELLA,34
DAVOS,RENLY,12
JOFFREY,LANCEL,12
JON,RATTLESHIRT,12
JORAH,XARO,12
MOUNTAIN,TYWIN,20
BRONN,VARYS,16
CATELYN,TALISA,44
CERSEI,JANOS,11
SHAE,VARYS,33
BRONN,HAYLENE,10
CRESSEN,MELISANDRE,10
GILLY,JON,16
HOT_PIE,LOMMY,10
KOVARRO,XARO,10
MERYN,SANSA,10
PODRICK,VARYS,15
QHORIN,RATTLESHIRT,10
ALTON,CERSEI,9
BRONN,JOFFREY,13
CATELYN,LORAS,9
HODOR,MAESTER_LUWIN,9
HOUND,LANCEL,9
JAQEN,RORGE,9
JOFFREY,STANNIS,14
JOFFREY,ROS,9
MANCE,QHORIN,9
PYATT_PREE,XARO,9
SANSA,TOMMEN,13
AMORY,YOREN,8
ARYA,BITER,8
BALON,ROBB,10
BITER,RORGE,10
CATELYN,JACKS,8
EDDISON_TOLLETT,JON,8
JOFFREY,MYRCELLA,8
JOFFREY,LORAS,19
MANDON,TYRION,8
MELISANDRE,RENLY,8
REGINALD,TYWIN,8
ARYA,POLLIVER,26
BLACK_LORREN,DAGMER,7
BRIENNE,JACKS,7
BRIENNE,LORAS,9
DAISY,JOFFREY,7
THEON,WINTERFELL_SHEPHERD,7
ARYA,MOUNTAIN,8
ARYA,LOMMY,8
BRAN,FARLEN,6
BRAN,DAGMER,6
BRONN,PYCELLE,8
BRONN,LANCEL,6
CRASTER,GILLY,6
GENDRY,TICKLER,6
LOMMY,POLLIVER,6
MANCE,YGRITTE,16
MANDON,PODRICK,6
RICKON,THEON,13
ROOSE_BOLTON,TALISA,13
ALTON,TORRHEN,5
ARYA,TICKLER,5
BALON,NED,5
BITER,JAQEN,5
BRIENNE,STANNIS,18
BRIENNE,MARGAERY,17
BRIENNE,ROBB,5
BRONN,MERYN,5
CATELYN,MARGAERY,5
CERSEI,LORAS,48
CRASTER,SAM,13
CRESSEN,STANNIS,5
DAGMER,MAESTER_LUWIN,5
DROWNED_PRIEST,THEON,5
GERARD,RENLY,5
HOUND,MERYN,7
JOFFREY,PODRICK,10
JON,MANCE,124
JORAH,PYATT_PREE,5
LORAS,STANNIS,5
MAESTER_LUWIN,RODRIK,5
MYRCELLA,TOMMEN,9
MYRCELLA,SANSA,5
PYCELLE,TIMETT,5
QHORIN,SAM,5
ROBB,RODRIK,5
TYWIN,VARYS,33
ALTON,RICKARD_KARSTARK,4
BARRA,MHAEGAN,4
BRONN,SANSA,7
BRONN,TIMETT,4
CATELYN,ROOSE_BOLTON,17
CATELYN,COLEN,4
CERSEI,PODRICK,9
DAENERYS,SILK_KING,4
DAENERYS,QUAITHE,4
DAGMER,RICKON,4
DONTOS,MERYN,4
DOREAH,KOVARRO,4
EDDISON_TOLLETT,GILLY,4
GENDRY,TYWIN,6
GENDRY,LOMMY,4
GENDRY,JAQEN,4
HAYLENE,JOFFREY,4
HAYLENE,HOUND,4
HOUND,PODRICK,12
ILYN_PAYNE,SHAE,4
JAIME,STANNIS,9
JAIME,RICKARD_KARSTARK,4
JANOS,LITTLEFINGER,4
JANOS,JOFFREY,4
JANOS,MHAEGAN,4
JANOS,ROS,4
JOFFREY,MARGAERY,110
JOFFREY,MANDON,4
LANCEL,SANSA,4
MAESTER_LUWIN,RICKON,4
MATTHOS,MELISANDRE,4
RICKARD_KARSTARK,TORRHEN,4
ROBB,YARA,4
STANNIS,VARYS,6
ALTON,TYRION,3
AMORY,JAQEN,3
AMORY,POLLIVER,3
ARYA,VISENYA,3
BLACK_LORREN,RODRIK,3
BRAN,WINTERFELL_SHEPHERD,3
BRAN,JOFFREY,3
BRONN,PODRICK,61
BRONN,JANOS,3
CERSEI,MERYN,17
CERSEI,MANDON,3
CRASTER,EDDISON_TOLLETT,5
DAENERYS,MALAKKO,3
DAGMER,OSHA,3
DAGMER,RODRIK,3
FARLEN,THEON,3
GENDRY,MOUNTAIN,3
GENDRY,RORGE,3
HOT_PIE,MOUNTAIN,3
HOT_PIE,JAQEN,3
HOUND,SHAE,3
IRRI,XARO,3
IRRI,KOVARRO,3
JAIME,TORRHEN,3
JAIME,MATTHOS,3
JANOS,VARYS,3
JANOS,PODRICK,3
JAQEN,TYWIN,3
JOFFREY,TALISA,3
JORAH,SPICE_KING,3
KOVARRO,MALAKKO,3
KOVARRO,PYATT_PREE,3
LANCEL,STANNIS,3
LITTLEFINGER,ROBIN,43
LITTLEFINGER,ROBB,5
LORAS,PYCELLE,5
LORAS,TYWIN,20
MAESTER_LUWIN,WINTERFELL_SHEPHERD,3
MAESTER_LUWIN,PORTAN,3
MALAKKO,XARO,3
MANCE,RATTLESHIRT,3
MOUNTAIN,POLLIVER,5
MYRCELLA,ROBIN,3
NED,YARA,3
PODRICK,PYCELLE,3
PODRICK,SHAE,8
PYATT_PREE,SPICE_KING,3
QUENT,ROBB,3
ROBB,SEPTON,3
ROBIN,TYRION,5
RORGE,YOREN,3
SANSA,TYWIN,24
SHAE,TOMMEN,3
STANNIS,TYWIN,8
THEON,VARYS,11
TIMETT,TYRION,3
TOMMEN,TYRION,15
AEGON,ARYA,2
AERYS,PYCELLE,2
AERYS,TYWIN,2
ALTON,TALISA,2
AMORY,HOT_PIE,2
ARYA,KEVAN,2
ARYA,REGINALD,2
ARYA,RHAENYS,2
BALON,CATELYN,2
BARRA,JANOS,2
BENJEN,CRASTER,2
BILLY,RICKON,2
BITER,YOREN,2
BLACK_LORREN,OSHA,2
BLACK_LORREN,MAESTER_LUWIN,2
BOROS,JOFFREY,2
BRAN,SANSA,51
BRIENNE,DAVOS,17
BRIENNE,RICKARD_KARSTARK,2
BRIENNE,MELISANDRE,12
BRIENNE,COLEN,2
BRIENNE,LITTLEFINGER,48
BRONN,CERSEI,14
CATELYN,DAVOS,2
CATELYN,MELISANDRE,2
CATELYN,RICKON,4
CERSEI,DAVOS,6
CERSEI,JOANNA,4
CERSEI,HAYLENE,2
CERSEI,SALLADHOR,2
CERSEI,MATTHOS,2
COLEN,MARGAERY,2
COLEN,LORAS,2
COLEN,RENLY,2
CRASTER,MANCE,4
CRESSEN,MATTHOS,2
DAGMER,YARA,2
DAGMER,FARLEN,2
DAGMER,HODOR,2
DAVOS,ROBERT,5
DAVOS,MARYA,2
DAVOS,JOFFREY,2
DAVOS,FATHER_SEAWORTH,2
DAVOS,ROBB,4
DAVOS,LORAS,2
DONTOS,SANSA,32
EDDISON_TOLLETT,JEOR,8
FARLEN,RICKON,2
FREY_DAUGHTER,ROBB,2
GILLY,GRENN,2
HARREN,TYWIN,2
HAYLENE,PODRICK,2
HIGH_SEPTON,MYRCELLA,2
HOT_PIE,POLLIVER,2
HOT_PIE,TICKLER,2
HOUND,STANNIS,2
HOUND,TOMMEN,2
ILYN_PAYNE,TOMMEN,2
ILYN_PAYNE,LANCEL,2
JACKS,JAIME,2
JANOS,PYCELLE,2
JAQEN,YOREN,2
JOFFREY,SHAE,12
JOFFREY,MATTHOS,2
JORAH,MALAKKO,2
KEVAN,STANNIS,2
KOVARRO,SPICE_KING,2
LANCEL,TOMMEN,2
LANCEL,SHAE,2
LITTLEFINGER,MYRCELLA,2
LORAS,TOMMEN,25
LORAS,MELISANDRE,2
LORAS,ROBB,2
MARGAERY,TYWIN,12
MARGAERY,STANNIS,2
MATTHOS,ROBERT,2
MERYN,TOMMEN,2
MHAEGAN,ROS,2
MYRCELLA,TRYSTANE,26
MYRCELLA,ROBERT,2
NED,RODRIK,4
POLLIVER,TYWIN,2
PROTESTER,TYRION,2
QUAITHE,XARO,2
RAMSAY,ROOSE_BOLTON,122
RENNICK,ROBB,2
RHAENYS,VISENYA,2
RICKARD_KARSTARK,ROOSE_BOLTON,11
RICKARD_KARSTARK,TALISA,5
RICKON,RODRIK,2
ROBERT,THEON,2
SEPTON,TALISA,2
SILK_KING,SPICE_KING,2
TALISA,TORRHEN,2
THEON,TORRHEN,2
TRYSTANE,TYRION,2
RAMSAY,THEON,235
DAENERYS,MISSANDEI,198
BRAN,JOJEN,107
ARYA,THOROS,63
MARGAERY,SANSA,71
JAIME,LOCKE,59
BARRISTAN,JORAH,91
KRAZNYS_MO_NAKLOZ,MISSANDEI,54
JAIME,QYBURN,88
DAVOS,GENDRY,105
EDMURE,ROBB,46
GENDRY,MELISANDRE,48
DAVOS,SHIREEN,103
OLENNA,VARYS,40
BARRISTAN,DAENERYS,107
JON,ORELL,37
DAARIO,DAENERYS,225
OLENNA,TYWIN,49
JON,TORMUND,236
MEERA,OSHA,34
ARYA,BERIC,33
CERSEI,MARGAERY,131
ORELL,YGRITTE,32
OLENNA,TYRION,40
OLENNA,SANSA,33
ORELL,TORMUND,30
BRAN,MEERA,148
JAIME,ROOSE_BOLTON,29
TORMUND,YGRITTE,58
BERIC,THOROS,66
JOJEN,OSHA,28
BRYNDEN,CATELYN,27
ANGUY,ARYA,26
BERIC,HOUND,114
CERSEI,OLENNA,87
JOJEN,MEERA,68
DAENERYS,KRAZNYS_MO_NAKLOZ,23
HODOR,JOJEN,44
ROOSE_BOLTON,WALDER,23
MYRANDA,VIOLET,22
MARGAERY,OLENNA,123
SELYSE,STANNIS,60
ANGUY,HOUND,20
ANGUY,THOROS,20
GENDRY,THOROS,34
DAENERYS,RADZAI_MO_ERAZ,19
JEOR,RAST,19
THEON,TORTURER,19
BRYNDEN,EDMURE,29
BRAN,SAM,40
BRYNDEN,ROBB,17
DAARIO,JORAH,104
DAARIO,MERO,17
HOUND,THOROS,99
DAENERYS,MERO,16
SHIREEN,STANNIS,70
BRIENNE,LOCKE,15
CATELYN,EDMURE,17
HODOR,MEERA,73
JAIME,STEELSHANKS_WALTON,14
MANCE,TORMUND,26
MELISANDRE,THOROS,16
CRASTER,KARL_TANNER,18
JORAH,MISSANDEI,40
MEERA,RICKON,13
MERO,PRENDAHL,13
DAENERYS,GREY_WORM,73
EDMURE,ROSLIN,12
GREY_WORM,JORAH,30
JOJEN,SAM,12
MARTYN,TALISA,12
MYRANDA,THEON,29
ROS,SHAE,12
THEON,VIOLET,12
ANGUY,GENDRY,11
ANGUY,BERIC,11
EDDISON_TOLLETT,RAST,11
LORAS,OLYVAR,26
EDMURE,WALDER,15
GILLY,MAESTER_AEMON,14
LOCKE,ROOSE_BOLTON,12
LORAS,OLENNA,25
MANCE,ORELL,10
MERYN_TRANT,TYRION,10
TALISA,WALDER,10
BABY,SAM,9
BABY,GILLY,9
BRIENNE,ROOSE_BOLTON,9
GENDRY,STANNIS,9
JOJEN,RICKON,9
ROOSE_BOLTON,TYWIN,13
BLACK_WALDER,ROBB,8
BRONN,MERYN_TRANT,8
BRYNDEN,ROOSE_BOLTON,8
BRYNDEN,TALISA,8
CRASTER,RAST,13
DAENERYS,PRENDAHL,8
EDMURE,TALISA,8
FARMER,JON,8
GILLY,MEERA,8
HODOR,SAM,8
JEOR,KARL_TANNER,10
JOFFREY,OLENNA,20
MEERA,SAM,8
MERYN_TRANT,TARYN_MANT,8
ROSLIN,WALDER,8
BARRISTAN,MISSANDEI,20
BERIC,GENDRY,18
DAARIO,MISSANDEI,32
DAARIO,PRENDAHL,7
EDMURE,LOTHAR,13
FARMER,TORMUND,7
BARRISTAN,DAARIO,20
BERIC,MELISANDRE,6
BRYNDEN,WALDER,11
CATELYN,JOYEUSE,6
DAARIO,GREY_WORM,40
FARMER,YGRITTE,6
HOT_PIE,THOROS,6
JAIME,RENLY,6
JORAH,MERO,6
MACE,OLENNA,20
MERO,MISSANDEI,6
ROBB,ROSLIN,6
ARYA,MELISANDRE,5
BARRISTAN,GREY_WORM,19
BLACK_WALDER,EDMURE,14
BLACK_WALDER,LOTHAR,20
BRYNDEN,RICKARD_KARSTARK,5
GENDRY,HOUND,23
HOSTER,ROBB,5
JOJEN,JON,7
JORAH,KRAZNYS_MO_NAKLOZ,5
JORAH,ROBERT,5
MARGAERY,TYRION,16
MARTYN,WILLEM_LANNISTER,5
BALON,RAMSAY,4
BRAN,ORELL,4
CATELYN,ROSLIN,4
CERSEI,TARYN_MANT,4
EDMURE,RICKARD_KARSTARK,4
EDMURE,FREY_SEPTON,4
FARMER,ORELL,4
GILLY,JOJEN,4
GREIZHEN,MISSANDEI,4
JOYEUSE,TALISA,4
JOYEUSE,ROBB,4
LOCKE,TYWIN,4
LOTHAR,WALDER,13
MAREI,TYRION,6
MELISANDRE,ROBERT,4
QYBURN,ROOSE_BOLTON,4
QYBURN,TALISA,4
RAMSAY,YARA,11
ROSLIN,TALISA,4
SORCERER,VARYS,4
TARYN_MANT,TYRION,4
ANGUY,MELISANDRE,3
BERIC,MOUNTAIN,3
BLACK_WALDER,CATELYN,3
BLACK_WALDER,BRYNDEN,8
BRAN,GILLY,3
BRANDON_STARK,JOJEN,3
BRIENNE,SELWYN,8
BRYNDEN,LOTHAR,7
CRASTER,GRENN,7
DAENERYS,GREIZHEN,3
EDMURE,ROOSE_BOLTON,3
FARMER,JOJEN,3
GENDRY,ROBERT,9
GILLY,RANDYLL,11
GILLY,HODOR,3
HIGH_SEPTON,JOFFREY,8
HIGH_SEPTON,MARGAERY,7
HODOR,ORELL,3
JAIME,SELWYN,3
JOANNA,TYWIN,5
JOJEN,ORELL,3
JOJEN,NED,3
JON,OSHA,3
LITTLEFINGER,SHAE,3
LITTLEFINGER,OLYVAR,5
LORD_OF_BONES,TORMUND,16
LOTHAR,ROBB,3
MACE,MARGAERY,19
MEERA,ORELL,3
MERRY,WALDER,3
MERYN_TRANT,PODRICK,3
MISSANDEI,RADZAI_MO_ERAZ,3
MISSANDEI,PRENDAHL,3
MOUNTAIN,ROBB,3
OLENNA,PODRICK,3
OLENNA,ROBERT,3
ORELL,RICKON,3
ORELL,OSHA,3
QYBURN,ROBB,3
RAMSAY,ROBB,5
JON,LORD_OF_BONES,8
RICKARD_KARSTARK,WILLEM_LANNISTER,3
ROBERT,THOROS,3
ROOSE_BOLTON,STEELSHANKS_WALTON,3
ROOSE_BOLTON,THEON,25
SORCERER,TYRION,3
AEGON,SHIREEN,2
AEGON,DAVOS,2
AERYS,JOFFREY,2
ANGUY,HOT_PIE,2
ARYA,ROOSE_BOLTON,2
BALERION,DAVOS,2
BALON,ROOSE_BOLTON,4
BARRISTAN,RADZAI_MO_ERAZ,2
BARRISTAN,KRAZNYS_MO_NAKLOZ,2
BERT,SHIREEN,2
BLACK_WALDER,JOYEUSE,2
BOROS,MERYN_TRANT,2
BRAN,YGRITTE,2
BRAN,TORMUND,2
BRAN,FARMER,2
BRONN,LORAS,2
BRONN,OLENNA,4
BRONN,TARYN_MANT,2
BRONN,HIGH_SEPTON,2
BRONN,MARGAERY,2
BRYNDEN,HOSTER,2
BRYNDEN,ROSLIN,2
CATELYN,LOTHAR,2
CERSEI,HIGH_SEPTON,15
DAREON,HOBB,2
DAVOS,RYLENE,2
DESMOND,ELDRICK,2
DESMOND,TYRION,2
DESMOND,SANSA,2
EDDISON_TOLLETT,KARL_TANNER,2
EDMURE,MOUNTAIN,2
EDMURE,TYWIN,2
EDMURE,HOUND,2
EDMURE,JOYEUSE,2
FARMER,OSHA,2
FARMER,HODOR,2
FARMER,MEERA,2
FARMER,RICKON,2
FREY_SEPTON,ROSLIN,2
FREY_SEPTON,WALDER,2
GILLY,RAST,2
GREIZHEN,KRAZNYS_MO_NAKLOZ,2
GREIZHEN,JORAH,2
GRENN,KARL_TANNER,2
GREY_WORM,MISSANDEI,156
GREY_WORM,MERO,2
HIGH_SEPTON,PYCELLE,4
HIGH_SEPTON,SANSA,2
HIGH_SEPTON,TYWIN,2
HIGH_SEPTON,OLENNA,2
HIGH_SEPTON,TYRION,2
HIGH_SEPTON,LORAS,2
HODOR,YGRITTE,2
HODOR,TORMUND,2
HODOR,JON,2
HOUND,ROOSE_BOLTON,2
JAIME,PYCELLE,7
JAIME,LORAS,18
JOJEN,YGRITTE,2
JOJEN,TORMUND,2
LORD_OF_BONES,YGRITTE,4
JON,MEERA,2
JON,QHORIN_HALFHAND,2
JON,RICKON,11
JORAH,PRENDAHL,2
JOYEUSE,ROSLIN,2
KARL_TANNER,RAST,15
KARL_TANNER,SAM,2
LITTLEFINGER,PODRICK,10
LOCKE,STEELSHANKS_WALTON,2
LOCKE,QYBURN,2
LORAS,SHAE,2
LORD_OF_BONES,MANCE,4
LOTHAR,ROSLIN,2
LOTHAR,TALISA,2
LYSA,TYWIN,2
LYSA,VARYS,2
MARGAERY,PYCELLE,4
MARTYN,ROBB,2
MEERA,YGRITTE,2
MEERA,TORMUND,2
MELISANDRE,SELYSE,51
MOUNTAIN,THOROS,2
MYRANDA,RAMSAY,55
NED,RICKARD_KARSTARK,2
NED,THOROS,2
OLENNA,PYCELLE,5
OLENNA,RENLY,2
OSHA,TORMUND,2
OSHA,YGRITTE,2
PODRICK,SANSA,33
QHORIN_HALFHAND,YGRITTE,2
QYBURN,SELWYN,2
QYBURN,TYWIN,2
RAMSAY,VIOLET,2
RENLY,TYWIN,2
RICKARD_KARSTARK,ROSLIN,2
RICKARD_KARSTARK,WALDER,2
RICKON,YGRITTE,2
RICKON,TORMUND,4
RYLENE,STANNIS,2
SALLADHOR,STANNIS,2
SELYSE,SHIREEN,27
STEELSHANKS_WALTON,TYWIN,2
TYRION,WALDER,2
TYWIN,WALDER,2
LYSA,SANSA,92
OBERYN,TYWIN,79
BRIENNE,PODRICK,220
OBERYN,TYRION,78
CERSEI,OBERYN,63
LITTLEFINGER,LYSA,58
ELLARIA,OBERYN,58
ROBIN,SANSA,49
TOMMEN,TYWIN,45
DOLOROUS_EDD,JON,101
JANOS,JON,59
ARYA,BRIENNE,55
OBERYN,VARYS,34
STYR,YGRITTE,32
DOLOROUS_EDD,GRENN,31
LITTLEFINGER,YOHN_ROYCE,60
BRONN,JAIME,271
HOUND,POLLIVER,29
MARGAERY,TOMMEN,144
ALLISER_THORNE,JANOS,32
DAENERYS,HIZDAHR,93
GILLY,MOLES_TOWN_WHORE,24
MELISANDRE,SHIREEN,33
BRIENNE,HOT_PIE,25
BRIENNE,HOUND,40
ANYA_WAYNWOOD,LITTLEFINGER,21
JON,LOCKE,21
MACE,TYWIN,21
OBERYN,OLYVAR,21
FARMER_HAMLET,HOUND,20
GILLY,LITTLE_SAM,52
STYR,TORMUND,20
CERSEI,QYBURN,132
DAVOS,TYCHO,18
ELLARIA,OLYVAR,18
MORGAN,OBERYN,18
MOUNTAIN,OBERYN,22
RALF,THEON,18
ARYA,TERNESIO_TERYS,17
KARL_TANNER,MEERA,17
LITTLE_SAM,SAM,50
LYSA,ROBIN,17
STANNIS,TYCHO,17
DAENERYS,FENNESZ,15
RAMSAY,TANSY,15
SANSA,YOHN_ROYCE,44
BRIENNE,CERSEI,18
ELIA,OBERYN,14
GRENN,LOCKE,14
JOJEN,KARL_TANNER,14
JON,OLLY,61
MACE,TYRION,14
MACE,OBERYN,14
ARYA,FARMER_HAMLET,13
BRAN,LOCKE,13
CERSEI,MOUNTAIN,51
CERSEI,MACE,45
GRENN,JANOS,13
JAIME,TOMMEN,54
JAIME,PODRICK,16
DYING_MAN,HOUND,12
JAIME,OBERYN,12
JON,STANNIS,106
MANCE,STANNIS,26
PYCELLE,QYBURN,35
ANYA_WAYNWOOD,SANSA,11
DONTOS,LITTLEFINGER,11
ELLARIA,TYRION,18
FARMER_HAMLET,SALLY,11
JAIME,MARGAERY,19
JON,KARL_TANNER,11
ANYA_WAYNWOOD,YOHN_ROYCE,10
ARYA,DYING_MAN,10
KARL_TANNER,SISSY,10
MORGAN,MORGANS_FRIEND,10
OLLY,STYR,10
BRAN,THREE_EYED_RAVEN,85
ELLARIA,MAREI,9
ELLARIA,TYWIN,9
JANOS,SAM,17
JOFFREY,MACE,9
BALON_DWARF,ROBB_DWARF,8
BRONN,OBERYN,8
DOLOROUS_EDD,SAM,14
DOLOROUS_EDD,JANOS,11
DONNEL_HILL,GRENN,8
ELLARIA,MORGAN,8
JAIME,MACE,16
JOFFREY,OBERYN,8
JON,MORAG,8
MACE,VARYS,8
MORGANS_FRIEND,OBERYN,8
ALLISER_THORNE,LOCKE,7
BOLTON_GUARD,YARA,7
BRAN,KARL_TANNER,7
BRAN,LEAF,26
CERSEI,ELLARIA,30
CRASTER,DOLOROUS_EDD,7
DAENERYS,MEEREEN_CHAMPION,7
DAVOS,JON,214
DOLOROUS_EDD,PYP,9
DONGO_THE_GIANT,MAG_THE_MIGHTY,7
DORNISH_LORD,TYRION,7
ENDREW,JAIME,7
GILLY,PYP,7
GRENN,MAG_THE_MIGHTY,7
GUYMON,OLLY,7
HIZDAHR,HIZDAHRS_FATHER,7
HODOR,LOCKE,7
JON,SISSY,7
MACE,TOMMEN,9
MAREI,OBERYN,7
MOLES_TOWN_MADAM,SAM,7
OBERYN,SHAE,7
OBERYN,PYCELLE,7
OLLY,YGRITTE,7
OLLY,SAM,37
RENLY_DWARF,STANNIS_DWARF,7
ARYA,SALLY,6
BRIENNE,SANSA,96
BRIENNE,JOFFREY,6
CERSEI,DONTOS,6
DAVOS,SELYSE,15
DAVOS,MANCE,6
ELDER_MEEREEN_SLAVE,MOSSADOR,6
FIRST_MATE,YARA,6
GOATHERD,MISSANDEI,6
GRENN,OLLY,6
HOUND,LYSA,6
HOUND,RORGE,6
HOUND,SALLY,6
JAIME,VARYS,9
JOFFREY_DWARF,ROBB_DWARF,6
JON,STYR,6
MAREI,OLYVAR,6
MEERA,THREE_EYED_RAVEN,17
MORGAN,OLYVAR,6
MOUNTAIN,PYCELLE,6
MOUNTAIN,QYBURN,20
MYRANDA,TANSY,6
OBERYN,TOMMEN,6
ORSON,TYRION,6
SAM,TORMUND,6
TANSY,THEON,6
ALLISER_THORNE,DOLOROUS_EDD,20
ALLISER_THORNE,TORMUND,18
BRIENNE,TYRION,9
BRIENNE,OLENNA,5
DAENERYS,GOATHERD,5
DOLOROUS_EDD,LOCKE,5
DOLOROUS_EDD,MORAG,5
DONTOS,TYRION,5
ENDREW,JOFFREY,5
FENNESZ,MASTER_MIGHDAL,5
FIRST_MATE,THEON,5
GRENN,MORAG,5
HIGH_SEPTON,TOMMEN,5
HIZDAHR,MANSERVANT,5
HOT_PIE,PODRICK,5
JAIME,SHAE,5
JANOS,OLLY,8
JOFFREY,POLLIVER,5
LHARA,SALLADHOR,5
LUTHOR,OLENNA,5
MACE,PYCELLE,15
MACE,SANSA,5
MACE,SHAE,5
MARGAERY,OBERYN,5
MOUNTAIN,TYRION,15
OBERYN,PODRICK,5
RAMSAY,WALDA,34
ROOSE_BOLTON,WALDA,14
ADRACK_HUMBLE,THEON,4
AXELL_FLORENT,SELYSE,4
AXELL_FLORENT,MELISANDRE,4
BALON_DWARF,STANNIS_DWARF,4
BALON_DWARF,JOFFREY_DWARF,4
BLACK_JACK,KEGS,4
BLACK_JACK,MULLY,4
BRAN,CRASTER,4
BRAN,RAST,4
BRONN,MORGAN,4
COOPER,GRENN,4
CRASTER,MORAG,4
CRASTER,LOCKE,4
CRASTER,SISSY,4
CRASTERS_BABY,SISSY,4
CRASTERS_BABY,RAST,4
DAARIO,MEEREEN_CHAMPION,4
DAENERYS,HIZDAHRS_FATHER,4
DOLOROUS_EDD,SISSY,4
ELDER_MEEREEN_SLAVE,GREY_WORM,4
ELDER_MEEREEN_SLAVE,MEEREEN_SLAVE,4
ELIA,MOUNTAIN,4
ELIA,TYWIN,4
ELLARIA,JAIME,25
ELLARIA,MOUNTAIN,10
ELLARIA,PODRICK,4
GILLY,YGRITTE,4
GILLY,STYR,4
GILLY,JANOS,7
GRENN,SISSY,4
HIGH_SEPTON,JAIME,4
JANOS,MAESTER_AEMON,4
JOFFREY,JOFFREY_DWARF,4
JON,MAG_THE_MIGHTY,4
KEGS,MULLY,4
LEAF,MEERA,17
LITTLE_SAM,MOLES_TOWN_WHORE,4
LOCKE,RAMSAY,4
LORAS,OBERYN,4
LYSA,NED,4
LYSA,YOHN_ROYCE,4
MERYN,TYWIN,4
MERYN,ROOSE_BOLTON,4
MORAG,SISSY,4
MORGAN,TYRION,4
MYRANDA,YARA,4
OBERYN,SANSA,4
OLLY,OLLYS_MOTHER,4
PYCELLE,TOMMEN,14
SAM,YGRITTE,4
SAM,STYR,4
STYR,THENN_WARG,4
AERYS,TYRION,10
ALLISER_THORNE,OLLY,18
ALLISER_THORNE,QHORIN,3
ANYA_WAYNWOOD,LYSA,3
ARYA,PODRICK,8
BAELOR,TYWIN,3
BALON_DWARF,RENLY_DWARF,3
BOLTON_GUARD,FIRST_MATE,3
BRAN,CRASTERS_BABY,3
BRAN,RAMSAY,3
BRONN,ELLARIA,3
BRONN,MOUNTAIN,3
BRONN,LOLLYS,17
COOPER,DONNEL_HILL,3
CRASTER,JOJEN,3
CRASTER,MEERA,3
CRASTERS_BABY,MEERA,3
DAENERYS,MANSERVANT,3
DOLOROUS_EDD,OLLY,13
DONNEL_WAYNWOOD,HOUND,3
DORAN,TYRION,3
ELLARIA,JOFFREY,3
ELLARIA,LORAS,3
GILLY,TORMUND,3
GUYMON,OLLYS_MOTHER,3
HODOR,RAST,3
HODOR,LEAF,12
HOSTER,LYSA,3
HOUND,SYRIO_FOREL,3
HOUND,INNKEEPER,3
INNKEEPER,POLLIVER,3
JAIME,MERYN,3
JAIME,OLENNA,50
JOFFREY,ROBB_DWARF,3
JOFFREY,MOUNTAIN,3
JOFFREY_DWARF,STANNIS_DWARF,3
JOFFREY_DWARF,SANSA,3
JOJEN,LEAF,3
JOJEN,THREE_EYED_RAVEN,3
MAG_THE_MIGHTY,MANCE,3
MAG_THE_MIGHTY,SAM,3
MEEREEN_SLAVE,MOSSADOR,3
MOLES_TOWN_MADAM,MOLES_TOWN_WHORE,3
OLENNA,TOMMEN,6
OLLY,PYP,3
OLLY,TORMUND,8
PODRICK,TYWIN,3
PYP,TORMUND,3
STANNIS,TOMMEN,3
THENN_WARG,YGRITTE,3
THENN_WARG,TORMUND,3
VANCE_CORBRAY,YOHN_ROYCE,3
ADRACK_HUMBLE,RALF,2
AERYS,CERSEI,7
ALLISER_THORNE,CRASTER,2
ALLISER_THORNE,YGRITTE,2
ANYA_WAYNWOOD,VANCE_CORBRAY,2
ANYA_WAYNWOOD,ROBIN,2
ARYA,INNKEEPERS_DAUGHTER,2
ARYA,MERYN,12
ARYA,LYSA,2
ARYA,DONNEL_WAYNWOOD,2
ARYA,TOMMY,2
ARYA,INNKEEPER,2
AXELL_FLORENT,STANNIS,2
AXELL_FLORENT,DAVOS,2
BAELOR,HIGH_SEPTON,2
BAELOR,TYRION,2
BALON_DWARF,JOFFREY,2
BARRISTAN,GOATHERD,2
BITER,HOUND,2
BOROS,JAIME,2
BRIENNE,NED,2
BRIENNE,BRONN,7
BRONN,FALYSE,4
BRONN,MORGANS_FRIEND,2
CERSEI,ROBB_DWARF,2
CERSEI,ELIA,2
CERSEI,FOOL,2
CERSEI,JOFFREY_DWARF,2
CRASTER,HODOR,2
CRASTER,CRASTERS_BABY,2
CRASTERS_BABY,WHITE_WALKER,2
CRASTERS_BABY,JOJEN,2
CRASTERS_BABY,NIGHT_KING,2
CRASTERS_BABY,HODOR,2
CRASTERS_BABY,KARL_TANNER,2
DAENERYS,RHAEGAR,2
DAENERYS,MASTER_MIGHDAL,2
DAVOS,SAM,4
DAVOS,GRENN,2
DAVOS,DOLOROUS_EDD,32
DAVOS,MAESTER_AEMON,2
DOLOROUS_EDD,STANNIS,6
DOLOROUS_EDD,MELISANDRE,13
DOLOROUS_EDD,SELYSE,2
DOLOROUS_EDD,SHIREEN,2
DOLOROUS_EDD,MAESTER_AEMON,2
DONGO_THE_GIANT,JON,2
DONNEL_HILL,MAG_THE_MIGHTY,2
DORAN,OBERYN,10
DORNISH_LORD,OBERYN,2
DROGO,RHAEGAR,2
ELLARIA,VARYS,5
ELLARIA,MACE,2
ELLARIA,MARGAERY,2
ELLARIA,MORGANS_FRIEND,2
ELLARIA,SANSA,2
FENNESZ,MISSANDEI,2
FOOL,TYWIN,2
FOOL,JOFFREY,2
GILLY,MOLES_TOWN_MADAM,2
GOATHERD,JORAH,2
GOATHERD,GOATHERDS_SON,2
GOATHERD,GREY_WORM,2
GRENN,YGRITTE,2
GRENN,SHIREEN,2
GRENN,MELISANDRE,2
GRENN,STANNIS,2
GRENN,SELYSE,2
GRENN,MAESTER_AEMON,2
GREY_WORM,MOSSADOR,5
GUYMON,STYR,2
GUYMON,YGRITTE,2
HIGH_SEPTON,MACE,7
HIZDAHR,JORAH,6
HODOR,NED,5
HODOR,THREE_EYED_RAVEN,17
HOSTER,LITTLEFINGER,2
HOSTER,JON_ARRYN,2
HOUND,INNKEEPERS_DAUGHTER,2
HOUND,LOMMY,2
HOUND,TOMMY,2
HOUND,VARYS,5
INNKEEPER,TOMMY,2
JAIME,JOANNA,2
JANOS,OTHELL_YARWYCK,2
JANOS,LOCKE,2
JANOS,PYP,2
JANOS,LITTLE_SAM,2
JOFFREY,STANNIS_DWARF,2
JOFFREY,RENLY_DWARF,2
JOFFREY,LYSA,2
JOFFREY_DWARF,RENLY_DWARF,2
JOFFREY_DWARF,TYRION,2
JOFFREY_DWARF,MARGAERY,2
JOJEN,LOCKE,2
JOJEN,RAST,2
JON,MELISANDRE,99
JON,SELYSE,8
JON,SHIREEN,4
JON_ARRYN,ROBIN,2
JORAH,MEEREEN_CHAMPION,2
LEAF,THREE_EYED_RAVEN,10
LITTLEFINGER,VANCE_CORBRAY,2
LITTLE_SAM,PYP,2
LITTLE_SAM,MOLES_TOWN_MADAM,2
LOCKE,SAM,2
LOCKE,RAST,2
LOCKE,SISSY,2
LOCKE,MEERA,2
LOCKE,MORAG,2
LOLLYS,TYRION,2
LORAS,STANNIS_DWARF,2
LORAS,RENLY_DWARF,2
LUTHOR,VIOLA,2
MACE,MOUNTAIN,2
MACE,PODRICK,2
MAESTER_AEMON,STANNIS,2
MAESTER_AEMON,SELYSE,2
MAESTER_AEMON,SHIREEN,2
MAESTER_AEMON,MELISANDRE,2
MAESTER_AEMON,OLLY,2
MAREI,SHAE,2
MAREI,MORGAN,2
MARGAERY,ROBB_DWARF,2
MEERA,NED,4
MEERA,RAST,2
MELISANDRE,SAM,7
MERYN,SYRIO_FOREL,2
MERYN,THEON,2
MISSANDEI,ZALA,2
MOLES_TOWN_WHORE,SAM,2
MORGANS_FRIEND,TYRION,2
MOUNTAIN,SHAE,2
MUSICIAN,OLENNA,2
MYRCELLA,OBERYN,4
NED,YOHN_ROYCE,2
NIGHT_KING,WHITE_WALKER,2
OLENNA,VIOLA,2
OLLYS_MOTHER,STYR,2
OLLYS_MOTHER,YGRITTE,2
OLLYS_MOTHER,TORMUND,2
ORYS,TYWIN,2
ORYS,ORYS_BROTHER,2
ORYS_BROTHER,TYWIN,2
POLLIVER,TOMMY,2
RALF,ROOSE_BOLTON,2
RAMSAY,RICKON,15
RENLY_DWARF,ROBB_DWARF,2
ROBB_DWARF,SANSA,2
ROBB_DWARF,TYRION,2
SAM,STANNIS,28
SAM,SHIREEN,6
SAM,SELYSE,7
SANSA,WAYMAR_ROYCE,2
SANSA,VANCE_CORBRAY,2
TOMMEN,TYCHO,2
TOMMEN,VARYS,2
TYCHO,TYWIN,5
JORAH,TYRION,158
DAENERYS,TYRION,346
CERSEI,HIGH_SPARROW,111
SANSA,THEON,106
JAIME,MYRCELLA,62
MYRANDA,SANSA,58
RAMSAY,SANSA,91
ARYA,WAIF,96
BRONN,TYENE,34
DORAN,ELLARIA,41
JAQEN,WAIF,52
HIGH_SPARROW,OLENNA,34
DAENERYS,MOSSADOR,28
JON,KARSI,28
AREO,DORAN,30
DAARIO,TYRION,27
DAARIO,HIZDAHR,24
DORAN,JAIME,24
LITTLEFINGER,ROOSE_BOLTON,22
CERSEI,KEVAN,39
HIGH_SPARROW,LORAS,43
CERSEI,MAGGY,20
AREO,BRONN,19
BANKER,MACE,19
KARSI,TORMUND,19
AREO,JAIME,18
GILLY,SHIREEN,18
BLACK_HAIRED_PROSTITUTE,TYRION,17
HIGH_SPARROW,MARGAERY,93
MALKO,TYRION,17
JAIME,TRYSTANE,16
JON,LOBODA,16
LITTLEFINGER,OLENNA,16
MISSANDEI,TYRION,135
ROOSE_BOLTON,SANSA,23
AREO,ELLARIA,18
AREO,MYRCELLA,15
CERSEI,SEPTA_UNELLA,26
LANCEL,LITTLEFINGER,14
LITTLEFINGER,RAMSAY,16
NYMERIA,TYENE,20
ARYA,THIN_MAN,13
HIZDAHR,TYRION,13
CERSEI,MELARA,12
JORAH,MALKO,12
BRAND,DERRYK,11
ELLARIA,OBARA,17
ELLARIA,TYENE,37
HIGH_SEPTON,OLYVAR,11
JAQEN,THIN_MAN,11
DAVOS,OLLY,14
ELLARIA,MYRCELLA,10
OLLY,STANNIS,10
BRONN,MYRCELLA,9
DORAN,MYRCELLA,9
DORAN,TRYSTANE,9
HIGH_SPARROW,OLYVAR,9
LITTLEFINGER,ROYCE,9
MACE,QYBURN,9
AREO,TRYSTANE,8
HIGH_SPARROW,TOMMEN,57
HIZDAHR,MISSANDEI,8
KARSI,LOBODA,8
LANCEL,LORAS,13
SANSA,WALDA,8
AREO,OBARA,7
BRONN,OBARA,7
DERRYK,SAM,7
GILLY,OLLY,7
HIZDAHR,MOSSADOR,7
MARGAERY,OLYVAR,7
OWNER,TYRION,7
RAMSAY,STANNIS,7
BRAND,SAM,6
BRONN,DORAN,6
BRONN,TRYSTANE,6
DAARIO,MOSSADOR,6
GILLY,SELYSE,6
HIGH_SEPTON,LANCEL,6
HIGH_SEPTON,QYBURN,6
MACE,MERYN,6
MADAME,MERYN,6
MYRANDA,WALDA,6
MYRCELLA,OBARA,6
NYMERIA,OBARA,24
OBARA,TYENE,15
ALLISER_THORNE,STANNIS,5
BRONN,NYMERIA,5
DAENERYS,OWNER,5
DERRYK,GILLY,5
ELLARIA,NYMERIA,9
KEVAN,TOMMEN,12
PODRICK,STANNIS,5
ALLISER_THORNE,DAVOS,26
AREO,NYMERIA,4
AREO,TYENE,7
ARYA,MACE,4
BARRISTAN,MOSSADOR,4
CERSEI,OLYVAR,4
CERSEI,ROOSE_BOLTON,4
ELLARIA,TRYSTANE,4
GILLY,STANNIS,4
HIGH_SEPTON,HIGH_SPARROW,4
HIGH_SPARROW,RENLY,4
HIGH_SPARROW,ROBERT,4
JAIME,TYENE,6
JON,NIGHT_KING,21
JORAH,OWNER,4
LITTLEFINGER,THEON,4
LOBODA,TORMUND,4
MERYN,QYBURN,4
MYRANDA,ROOSE_BOLTON,4
QUICK,STRONG,4
ROOSE_BOLTON,STANNIS,4
THEON,WALDA,4
AERYS,DAENERYS,14
ARYA,BANKER,3
BARRISTAN,RHAEGAR,3
DORAN,TOMMEN,3
GREY_WORM,TYRION,102
JAIME,LOLLYS,3
JAIME,OBARA,3
JANOS,STANNIS,3
JON,YARWYCK,3
KEVAN,LANCEL,3
KEVAN,PYCELLE,8
KEVAN,QYBURN,5
LITTLE_SAM,OLLY,3
LITTLEFINGER,LYANNA,3
LORD_WEEBLY,SAM,3
LYANNA,SANSA,3
MANCE,MELISANDRE,3
MERYN,MERYN_TRANT,3
OBARA,OBERYN,3
PODRICK,RENLY,3
RICKON,SANSA,10
ROYCE,SANSA,3
STANNIS,TORMUND,7
AEGON,RHAENYRA,2
ALLISER_THORNE,DENYS,2
ALLISER_THORNE,MANCE,2
ARYA,MADAME,2
ARYA,WALDER,22
BANKER,JAQEN,2
BANKER,MERYN_TRANT,2
BANKER,THIN_MAN,2
BARRISTAN,HIZDAHR,2
BRIAN,JON,2
BRIENNE,ROBERT,2
CERSEI,JORAH,2
CERWYN,RAMSAY,2
DAARIO,QUICK,2
DAARIO,STRONG,2
DAENERYS,QUICK,2
DAENERYS,STRONG,2
DOLOROUS_EDD,GILLY,2
DOLOROUS_EDD,LITTLE_SAM,2
DOLOROUS_EDD,TORMUND,23
DORAN,OBARA,2
DORAN,TYENE,6
GILLY,MELISANDRE,2
HIGH_SPARROW,MERYN,2
HIGH_SPARROW,SEPTA_UNELLA,12
HIZDAHR,OWNER,2
HIZDAHR,QUICK,2
HIZDAHR,STRONG,2
JAIME,NYMERIA,2
JAQEN,MACE,2
JAQEN,MERYN,2
JAQEN,MERYN_TRANT,2
JON,LITTLE_SAM,2
JON,LORD_WEEBLY,2
JON,ROOSE_BOLTON,5
JORAH,MOSSADOR,2
KARSI,NIGHT_KING,2
LANCEL,OLYVAR,2
LANCEL,PYCELLE,2
LITTLE_SAM,MELISANDRE,2
LITTLE_SAM,STANNIS,2
LITTLEFINGER,MYRANDA,2
LITTLEFINGER,TOMMEN,2
LITTLEFINGER,WALDA,2
LOLLYS,TANDA,2
LYANNA_MORMONT,STANNIS,2
MACE,MERYN_TRANT,2
MACE,THIN_MAN,2
MAESTER_WOLKAN,ROOSE_BOLTON,4
MAGGY,MELARA,2
MAGGY,ROBERT,2
MAGNAR,SAM,2
MANCE,SAM,2
MARGAERY,ROBERT,2
MELISANDRE,OLLY,4
MERYN,THIN_MAN,2
MOSSADOR,TYRION,2
OLENNA,OLYVAR,2
OLYVAR,TOMMEN,2
QUICK,TYRION,2
ROBIN,ROYCE,2
STANNIS,STEFFON,2
STRONG,TYRION,2
THIN_MAN,WAIF,2
MERYN,MOUNTAIN,2
JON,SANSA,230
ARYA,LADY_CRANE,64
DAVOS,TORMUND,57
HOUND,RAY,41
DAVOS,SANSA,47
BRYNDEN,JAIME,35
DAENERYS,KHAL_MORO,34
RAMSAY,SMALLJON,34
HIGH_SPARROW,JAIME,33
BRIENNE,BRYNDEN,32
EDMURE,JAIME,31
JON,RAMSAY,30
BENJEN,BRAN,29
JON,LYANNA_MORMONT,30
SANSA,TORMUND,27
OSHA,RAMSAY,23
CAMELLO,LADY_CRANE,21
GREY_WORM,VARYS,35
MARGAERY,SEPTA_UNELLA,21
JAIME,WALDER,19
JON,ROBETT,27
DAENERYS,YARA,21
BALON,EURON,17
DAVOS,LYANNA_MORMONT,20
EURON,YARA,36
BIANCA,LADY_CRANE,16
BOBONO,LADY_CRANE,16
EURON,THEON,34
IZEMBARO,LADY_CRANE,16
MISSANDEI,VARYS,37
TYRION,YEZZAN,16
BLACK_WALDER,WALDER,15
DAENERYS,LHAZAREEN_WOMAN,15
DAENERYS,THEON,22
GILLY,MELESSA,15
KINVARA,TYRION,15
BLACK_WALDER,JAIME,14
VALA,VARYS,14
BIANCA,IZEMBARO,13
JAIME,LOTHAR,13
JON,WUN_WUN,13
MAESTER_CITADEL,SAM,13
ARTHUR,NED,12
BENJEN,MEERA,12
BRAN,NIGHT_KING,14
LYANNA_MORMONT,SANSA,19
MAESTER_WOLKAN,RAMSAY,12
MELESSA,TALLA,12
MELISANDRE,TORMUND,12
TORMUND,WUN_WUN,12
CLARENZO,LADY_CRANE,11
DICKON,SAM,13
DOLOROUS_EDD,SANSA,11
JOFFREY,LADY_CRANE,11
LEM,RAY,11
MELESSA,RANDYLL,11
NED,THREE_EYED_RAVEN,11
RAMSAY,SON_OFWALDA,11
ARYA,BIANCA,10
BIANCA,BOBONO,10
BOBONO,CLARENZO,10
BRIENNE,JON,19
GREY_WORM,YEZZAN,10
MELISANDRE,SANSA,10
RAZDAL,TYRION,10
SON_OFWALDA,WALDA,10
AERON,YARA,9
ARYA,IZEMBARO,9
BOBONO,IZEMBARO,9
BRIENNE,DOLOROUS_EDD,9
BRIENNE,TORMUND,15
CLARENZO,IZEMBARO,9
DAVOS,WUN_WUN,9
ELLARIA,OLENNA,12
GATINS,HOUND,9
AERON,EURON,8
BENJEN,LYANNA,8
BIANCA,CLARENZO,8
DAENERYS,DOSH_KHALEEN_LEADER,8
DAVOS,RAMSAY,8
DOSH_KHALEEN_LEADER,LHAZAREEN_WOMAN,8
GILLY,TALLA,8
HIGH_SPARROW,LANCEL,8
JON,LITTLEFINGER,28
JON,SMALLJON,8
KINVARA,VARYS,8
QYBURN,TOMMEN,8
RAMSAY,RICKARD_KARSTARK,8
RAMSAY,TORMUND,8
SAM,TALLA,8
BELICHO,TYRION,7
BENJEN,THREE_EYED_RAVEN,7
BOBONO,CAMELLO,7
EDMURE,GUARD_CAPTAIN,7
GLOVER,JON,7
GREY_WORM,RAZDAL,7
KEVAN,OLENNA,7
LYANNA_MORMONT,MAESTER_MORMONT,7
MEERA,NIGHT_KING,7
MISSANDEI,RAZDAL,7
MISSANDEI,YEZZAN,7
NYMERIA,TRYSTANE,7
OBARA,OLENNA,7
OLENNA,SEPTA_UNELLA,7
RAZDAL,YEZZAN,7
ROBETT,SANSA,14
ROBIN,YOHN_ROYCE,7
ALLISER_THORNE,BOWEN_MARSH,6
ARTHUR_CHILD,QYBURN,6
ARYA,CLARENZO,6
BELICHO,RAZDAL,6
BOWEN_MARSH,JON,6
BRAN,LYANNA,13
BRYNDEN,GUARD_CAPTAIN,6
BRYNDEN,PODRICK,6
BRYNDEN,SANSA,6
CAMELLO,CLARENZO,6
CAMELLO,IZEMBARO,6
CERSEI,LADY_CRANE,6
DAENERYS,RAZDAL,6
DAVOS,SMALLJON,6
HIGH_SPARROW,MACE,6
HOUND,LEM,6
LADY_CRANE,SANSA,6
LANCEL,MARGAERY,6
LEAF,NIGHT_KING,6
OBARA,TRYSTANE,6
RICKON,SMALLJON,6
SMALLJON,TORMUND,6
TYRION,YARA,9
ARYA,BOBONO,5
ARYA,CAMELLO,5
BELICHO,GREY_WORM,5
BELICHO,MISSANDEI,5
BELICHO,YEZZAN,5
BLACK_WALDER,BRONN,5
BOBONO,JOFFREY,5
BRIENNE,THEON,8
CLARENZO,JOFFREY,5
CLARENZO,TYRION,5
DAENERYS,KINVARA,5
DAVOS,LITTLEFINGER,9
DIM_DALBA,JON,5
DOM,VARYS,5
DORAN,MAESTER_DORNE,5
DROGO,KHAL_MORO,5
JON,MAESTER_MORMONT,5
LADY_CRANE,TYRION,5
LITTLE_SAM,MELESSA,5
MAESTER_MORMONT,SANSA,5
NIGHT_KING,THREE_EYED_RAVEN,5
PODRICK,THEON,7
RAMSAY,WUN_WUN,5
RANDYLL,TALLA,5
RICKARD_KARSTARK,SMALLJON,5
SANSA,WUN_WUN,5
AERON,BALON,4
AERON,THEON,4
ARTHUR,HOWLAND,4
BIANCA,CAMELLO,4
BIANCA,JOFFREY,4
BIANCA,SANSA,4
BOBONO,SANSA,4
BOBONO,TYRION,4
BOBONO,TYWIN,4
BOWEN_MARSH,DAVOS,4
BOWEN_MARSH,DOLOROUS_EDD,4
BOWEN_MARSH,MELISANDRE,4
BOWEN_MARSH,OLLY,4
BOWEN_MARSH,OTHELL_YARWICK,4
BOWEN_MARSH,TORMUND,4
BRONN,LOTHAR,4
CERSEI,CLARENZO,4
CLARENZO,SANSA,4
DAARIO,LHAZAREEN_WOMAN,4
DAENERYS,YEZZAN,4
DAVOS,MAESTER_MORMONT,4
DICKON,GILLY,4
DIM_DALBA,TORMUND,4
DOLOROUS_EDD,PODRICK,4
GILLY,MAESTER_CITADEL,4
GLOVER,MANDERLY,4
HARALD,RAMSAY,4
HODOR,LYANNA,4
HODOR,NIGHT_KING,4
HOWLAND,NED,4
JAIME,SON_OF_EDMURE,4
JON,MANDERLY,4
JON,PODRICK,9
KEVAN,MARGAERY,4
LITTLEFINGER,TORMUND,7
LYANNA_MORMONT,ROBB,4
MAESTER_WOLKAN,MYRANDA,4
MAESTER_WOLKAN,RICKARD_KARSTARK,4
NYMERIA,OLENNA,4
PODRICK,TORMUND,8
RED_PRIEST,TYRION,4
SANSA,SMALLJON,4
ALLISER_THORNE,MELISANDRE,3
ALLISER_THORNE,OTHELL_YARWICK,3
ALLISER_THORNE,WUN_WUN,3
ARTHUR,BRAN,3
ARTHUR,THREE_EYED_RAVEN,3
BENJEN,HODOR,3
BERIC,LEM,3
BIANCA,CERSEI,3
BIANCA,NED,3
BIANCA,TYRION,3
BOBONO,CERSEI,3
BOBONO,NED,3
BRONN,EDMURE,3
CERSEI,IZEMBARO,3
CLARENZO,MARGAERY,3
DAENERYS,RED_PRIEST,3
DAVOS,GLOVER,3
DAVOS,HARALD,3
DICKON,RANDYLL,28
DIM_DALBA,WUN_WUN,3
DOLOROUS_EDD,WUN_WUN,3
DOM,VALA,3
GLOVER,SANSA,3
HARALD,JON,3
HARALD,SANSA,3
HARALD,SMALLJON,3
HARALD,TORMUND,3
HIGH_SPARROW,KEVAN,3
HOWLAND,THREE_EYED_RAVEN,3
IZEMBARO,JOFFREY,3
IZEMBARO,NED,3
IZEMBARO,TYWIN,3
JON,OTHELL_YARWICK,3
JORAH,LHAZAREEN_WOMAN,3
KEVAN,LORAS,3
KEVAN,MACE,3
LEM,THOROS,3
LITTLE_SAM,TALLA,3
LYANNA,THREE_EYED_RAVEN,3
LYANNA_MORMONT,RAMSAY,3
LYANNA_MORMONT,TORMUND,5
MANDERLY,ROBB,3
NED,OLD_NAN,3
NED,RAMSAY,3
OLENNA,TYENE,3
RAZDAL,VARYS,3
RED_PRIEST,VARYS,3
ROBB,ROBETT,3
ROOSE_BOLTON,SMALLJON,3
SMALLJON,WUN_WUN,3
AREO,MAESTER_DORNE,2
ARYA,RICKON,2
BELICHO,DAENERYS,2
BELICHO,VARYS,2
BENJEN,RODRIK,2
BIANCA,MARGAERY,2
BOBONO,MARGAERY,2
BOWEN_MARSH,OTHELL_YARWYCK,2
BRAN,HOWLAND,2
BRAN,JAQEN,2
BRONN,BRYNDEN,2
BRONN,WALDER,2
BRYNDEN,MINISA,2
CAMELLO,NED,2
CAMELLO,SANSA,2
CAMELLO,TYRION,2
CERSEI,SON_OF_EDMURE,2
CLARENZO,ROBERT,2
DAARIO,DOSH_KHALEEN_LEADER,2
DAARIO,KHAL_MORO,2
DAENERYS,VALA,2
DAVOS,DIM_DALBA,2
DAVOS,OTHELL_YARWICK,2
DAVOS,RICKON,2
DAVOS,ROBETT,4
DICKON,MELESSA,2
DICKON,TALLA,2
DIM_DALBA,SANSA,2
DOLOROUS_EDD,OTHELL_YARWICK,2
DOSH_KHALEEN_LEADER,JORAH,2
EDMURE,HOSTER,2
EDMURE,SON_OF_EDMURE,2
ELLARIA,MAESTER_DORNE,2
FLYNN,LEM,2
FLYNN,MORGAN,2
FLYNN,RAY,2
GLOVER,ROBB,2
GLOVER,ROBETT,2
GREY_WORM,THEON,6
GREY_WORM,YARA,4
HARALD,LYANNA_MORMONT,2
HODOR,OLD_NAN,2
IZEMBARO,ROBERT,2
IZEMBARO,SANSA,2
IZEMBARO,TYRION,2
JORAH,KHAL_MORO,2
LADY_CRANE,MARGAERY,2
LADY_CRANE,ROBERT,2
LADY_CRANE,TYWIN,2
LADY_CRANE,WAIF,2
LANCEL,MACE,2
LANCEL,QYBURN,2
LANCEL,SEPTA_UNELLA,2
LEM,MORGAN,2
LITTLE_SAM,RANDYLL,2
LITTLEFINGER,SMALLJON,2
LITTLEFINGER,WUN_WUN,2
LYANNA_MORMONT,MANDERLY,2
LYANNA_MORMONT,SMALLJON,2
MAESTER_DORNE,TYENE,2
MEERA,OLD_NAN,2
MELISANDRE,OTHELL_YARWICK,2
MELISANDRE,PODRICK,2
MELISANDRE,RAMSAY,2
MISSANDEI,THEON,12
MISSANDEI,YARA,4
MORGAN,RAY,2
NED,ROBETT,2
OLD_NAN,THREE_EYED_RAVEN,2
OLLY,OTHELL_YARWICK,2
OSHA,SMALLJON,2
OTHELL_YARWICK,TORMUND,2
QYBURN,VARYS,2
RICKON,WUN_WUN,2
VARYS,YARA,4
VARYS,YEZZAN,2
AERYS,OLENNA,2
BALERION,CERSEI,2
BRAN,BRIENNE,2
BRAN,PODRICK,2
BRIENNE,EURON,2
BRIENNE,JORAH,2
BRIENNE,QHONO,2
BRIENNE,VARYS,2
BRONN,GREY_WORM,2
BRONN,JORAH,2
BRONN,THEON,2
CERSEI,NIGHT_KING,2
CERSEI,YARA,2
DAENERYS,GENDRY,2
DAENERYS,LITTLEFINGER,2
DAENERYS,MOUNTAIN,2
DAENERYS,QYBURN,2
DAENERYS,TYWIN,2
DAVOS,GREY_WORM,2
DAVOS,MOUNTAIN,2
DAVOS,QYBURN,2
DAVOS,YOHN_ROYCE,2
DICKON,OLENNA,2
DROGO,JON,2
ELLARIA,GREY_WORM,2
ELLARIA,MISSANDEI,2
EURON,HOUND,2
GREY_WORM,JAIME,2
GREY_WORM,JON,2
GREY_WORM,MELISANDRE,2
GREY_WORM,OLENNA,2
HIGH_SEPTON,SAM,2
HOT_PIE,JON,2
HOUND,MISSANDEI,2
HOUND,QHONO,2
HOUND,WHITE_WALKER,2
HOWLAND,MEERA,2
JON,WHITE_WALKER,2
JON_ARRYN,SANSA,2
JORAH,PODRICK,2
JORAH,WHITE_WALKER,2
LYANNA_MORMONT,PODRICK,2
MARWYN,ROBERT,2
MARWYN,SHIREEN,2
MARWYN,WOLKAN,2
MELISANDRE,MISSANDEI,2
MISSANDEI,OLENNA,2
MOUNTAIN,MYRCELLA,2
MOUNTAIN,RANDYLL,2
NIGHT_KING,TYRION,2
NYMERIA,THEON,2
OBARA,THEON,2
OLENNA,THEON,2
OLENNA,YARA,2
PODRICK,QHONO,2
PODRICK,ROBETT,2
PODRICK,YOHN_ROYCE,2
QHONO,TYRION,2
QYBURN,RANDYLL,2
QYBURN,THEON,2
ROBERT,SAM,2
ROBETT,TORMUND,2
TORMUND,WHITE_WALKER,2
TORMUND,YOHN_ROYCE,2
AEGON,DAENERYS,3
AERYS,VARYS,3
ALYS,JON,3
ARYA,LYANNA_MORMONT,3
BALERION,QYBURN,3
BERIC,DAVOS,3
BRAN,DAENERYS,3
BRAN,YOHN_ROYCE,3
BRIENNE,MOUNTAIN,3
BRIENNE,QYBURN,3
BRONN,DAVOS,3
BRONN,JON,3
DAENERYS,ELLARIA,3
DAVOS,EURON,3
DAVOS,JAIME,3
DAVOS,NIGHT_KING,3
HARRAG,YARA,3
HOUND,QYBURN,3
LITTLEFINGER,MEERA,3
MOUNTAIN,THEON,3
THEON,TYENE,3
ARYA,ROBETT,4
BERIC,DAENERYS,4
BRAN,DOLOROUS_EDD,4
BRAN,RHAEGAR,4
BRIENNE,LYANNA_MORMONT,4
BRIENNE,ROBETT,4
BRIENNE,YOHN_ROYCE,4
CERSEI,THEON,4
DAVOS,PODRICK,4
DICKON,TYRION,4
DOLOROUS_EDD,MEERA,4
EURON,NYMERIA,4
EURON,OBARA,4
EURON,QYBURN,4
GENDRY,TYRION,4
HOUND,THEON,4
JEOR,JORAH,4
JON,LYANNA,4
JON,NED_UMBER,4
JON,QYBURN,4
JORAH,NIGHT_KING,4
LITTLEFINGER,LYANNA_MORMONT,4
MELISANDRE,TYRION,4
MOUNTAIN,TYENE,4
NYMERIA,YARA,4
OBARA,YARA,4
OLENNA,RANDYLL,4
QYBURN,TYRION,4
WOLKAN,YOHN_ROYCE,4
AERYS,JON,5
ALYS,NED_UMBER,5
ARYA,WOLKAN,5
DAENERYS,TORMUND,5
DAVOS,HOUND,5
ELLARIA,EURON,5
EURON,JON,5
HOUND,NIGHT_KING,5
JON,MOUNTAIN,5
JON,WOLKAN,5
JON,YOHN_ROYCE,5
QYBURN,TYENE,5
ARYA,YOHN_ROYCE,6
CERSEI,RANDYLL,6
DAENERYS,HOUND,6
ELLARIA,QYBURN,6
EURON,TYENE,6
LITTLEFINGER,ROBETT,6
LYANNA_MORMONT,YOHN_ROYCE,6
NIGHT_KING,TORMUND,6
TYENE,YARA,6
BRAN,WOLKAN,7
DAENERYS,EURON,7
JORAH,THEON,7
LYANNA,RHAEGAR,7
RANDYLL,TYRION,7
BERIC,NIGHT_KING,8
BRONN,DAENERYS,8
BRONN,RANDYLL,8
ELLARIA,THEON,8
EURON,TYRION,8
ROBETT,YOHN_ROYCE,8
EURON,MOUNTAIN,9
DAENERYS,DICKON,10
DAENERYS,NIGHT_KING,10
DAVOS,VARYS,10
BRONN,DICKON,11
LITTLEFINGER,WOLKAN,11
LYANNA_MORMONT,ROBETT,11
THOROS,TORMUND,11
DAVOS,THEON,12
JON,THOROS,12
DAENERYS,MELISANDRE,13
GENDRY,JORAH,13
DAENERYS,RANDYLL,14
DAVOS,JORAH,14
CERSEI,TYENE,15
GENDRY,TORMUND,15
DAENERYS,OLENNA,16
JORAH,MARWYN,16
SANSA,WOLKAN,17
BERIC,JORAH,18
JON,VARYS,18
BRAN,LITTLEFINGER,19
JORAH,THOROS,19
DAENERYS,JAIME,20
MELISANDRE,VARYS,21
JAIME,MOUNTAIN,23
DICKON,JAIME,24
HARRAG,THEON,24
JORAH,TORMUND,24
ELLARIA,YARA,25
EURON,JAIME,26
HOUND,JORAH,26
BERIC,TORMUND,27
HOUND,JON,27
JORAH,SAM,27
GENDRY,JON,30
DAVOS,MISSANDEI,31
CERSEI,DAENERYS,33
DAENERYS,DAVOS,33
JAIME,RANDYLL,33
JON,MISSANDEI,36
CERSEI,TYCHO,37
CERSEI,EURON,38
BERIC,JON,41
DAVOS,TYRION,46
HOUND,TORMUND,57
JON,JORAH,59
MARWYN,SAM,75
DAENERYS,JON,178
